{
    "center_point": [
        0.005065846256911755,
        -0.051780518144369125,
        0.009277456440031528
    ],
    "principal_axes": [
        {
            "component": [
                0.9998548030853271,
                -0.0021177916787564754,
                -0.01690656691789627
            ],
            "endpoint_1": [
                -0.16500046849250793,
                -0.05142030119895935,
                0.012153111398220062
            ],
            "endpoint_2": [
                0.15698854625225067,
                -0.05210230499505997,
                0.006708592176437378
            ]
        },
        {
            "component": [
                0.002972353482618928,
                0.9987103939056396,
                0.05068216472864151
            ],
            "endpoint_1": [
                0.004872771445661783,
                -0.11665366590023041,
                0.005985299590975046
            ],
            "endpoint_2": [
                0.005215896293520927,
                -0.001363757997751236,
                0.011835986748337746
            ]
        }
    ]
}