{
    "center_point": [
        -0.07220526039600372,
        8.711874777134199e-09,
        0.020000142976641655
    ],
    "principal_axes": [
        {
            "component": [
                1.0,
                -1.2062224641340435e-07,
                -1.6574085853759968e-12
            ],
            "endpoint_1": [
                -0.1990000307559967,
                2.400614462771955e-08,
                0.020000142976641655
            ],
            "endpoint_2": [
                0.03200001269578934,
                -3.857599573109383e-09,
                0.020000142976641655
            ]
        },
        {
            "component": [
                1.2062224641340435e-07,
                1.0,
                1.2925551674445278e-14
            ],
            "endpoint_1": [
                -0.07220526784658432,
                -0.03699999675154686,
                0.020000142976641655
            ],
            "endpoint_2": [
                -0.07220525294542313,
                0.03700001537799835,
                0.020000142976641655
            ]
        }
    ]
}